{"cameraMode":{"drawMode":0,"name":"Shaded","section":"Shading Mode"},"sceneLighting":true,"audioPlay":false,"sceneViewState":{"m_AlwaysRefresh":false,"showFog":true,"showSkybox":true,"showFlares":true,"showImageEffects":true,"showParticleSystems":true,"showVisualEffectGraphs":true,"m_FxEnabled":true},"in2DMode":false,"pivot":{"x":19.065004348754884,"y":3.186227798461914,"z":-28.80726432800293},"rotation":{"x":0.00231617852114141,"y":0.9900181293487549,"z":-0.14083515107631684,"w":0.015468706376850605},"size":43.891841888427737,"orthographic":false}